Clapeyron Database File,,,,,
Critical Single Parameters,,,,,
species,CAS,Tc,Pc,Vc,acentricfactor
limonene,,657.4486692170663,2755561.066677689,0.0004965,0.3219127551737521
adrenaline,,953.7486693594541,5569169.079973267,0.0004115,1.6071531017924205
Trinitrotoluene,,1146.7095578060987,4067315.701790919,0.0005654999999999999,1.0796561474496789
