Clapeyron Database File,,,,,
Critical Single Parameters,,,,,
species,CAS,Tc,Pc,Vc,acentricfactor
limonene,,657.4486692170663 kelvin,2755561.066677689 bar,0.0004965 centimeter ** 3 / mole,0.3219127551737521 dimensionless
adrenaline,,953.7486693594541 kelvin,5569169.079973267 bar,0.0004115 centimeter ** 3 / mole,1.6071531017924205 dimensionless
Trinitrotoluene,,1146.7095578060987 kelvin,4067315.701790919 bar,0.0005654999999999999 centimeter ** 3 / mole,1.0796561474496789 dimensionless
